{
  "Recipes": [
    {
      "name": "Sweet 'N' Sour Chicken",
      "serves": "2",
      "prepTime": "10",
      "cookTime": "30",
      "ingredients": [
        {
          "name": "canned pineapple",
          "quantity": 220,
          "unit": "g"
        },
        {
          "name": "cornflour",
          "quantity": 4,
          "unit": "tbsp"
        },
        {
          "name": "cider vinegar",
          "quantity": 15,
          "unit": "ml"
        },
        {
          "name": "tomato ketchup",
          "quantity": 10,
          "unit": "ml"
        },
        {
          "name": "sesame oil",
          "quantity": 10,
          "unit": "ml"
        },
        {
          "name": "red pepper",
          "quantity": 1,
          "unit": null
        },
        {
          "name": "spring onion",
          "quantity": 3,
          "unit": null
        },
        {
          "name": "soy sauce",
          "quantity": 30,
          "unit": "ml"
        },
        {
          "name": "chicken breast",
          "quantity": 2,
          "unit": null
        },
        {
          "name": "white rice",
          "quantity": 130,
          "unit": "g"
        }
      ]
    },
    {
      "name": "One-Pot Spicy 'Nduja, Pepper & Roasted Tomato Orzo",
      "serves": "2",
      "prepTime": "5",
      "cookTime": "30",
      "ingredients": [
        {
          "name": "lemon",
          "quantity": 1,
          "unit": null
        },
        {
          "name": "garlic clove",
          "quantity": 1,
          "unit": null
        },
        {
          "name": "cherry tomatoes",
          "quantity": 125,
          "unit": "g"
        },
        {
          "name": "orzo pasta",
          "quantity": 150,
          "unit": "g"
        },
        {
          "name": "chicken stock cube",
          "quantity": 1,
          "unit": null
        },
        {
          "name": "single cream (oat)",
          "quantity": 250,
          "unit": "ml"
        },
        {
          "name": "red pepper",
          "quantity": 1,
          "unit": null
        },
        {
          "name": "fresh basil",
          "quantity": 10,
          "unit": "g"
        },
        {
          "name": "baby leaf salad",
          "quantity": 50,
          "unit": "g"
        },
        {
          "name": "tomato paste",
          "quantity": 1,
          "unit": "tbsp"
        },
        {
          "name": "'nduja",
          "quantity": 40,
          "unit": "g"
        },
        {
          "name": "dijon mustard",
          "quantity": 1,
          "unit": "tsp"
        }
      ]
    },
    {
      "name": "Cajun-style Chicken Burger with Red Cabbage Slaw",
      "serves": "2",
      "prepTime": "10",
      "cookTime": "25",
      "ingredients": [
        {
          "name": "spring onion",
          "quantity": 1,
          "unit": null
        },
        {
          "name": "ground cumin",
          "quantity": 1,
          "unit": "tsp"
        },
        {
          "name": "carrot",
          "quantity": 1,
          "unit": null
        },
        {
          "name": "oven chips",
          "quantity": 2,
          "unit": "portions"
        },
        {
          "name": "chicken breast",
          "quantity": 2,
          "unit": null
        },
        {
          "name": "red cabbage",
          "quantity": 150,
          "unit": "g"
        },
        {
          "name": "smoked paprika",
          "quantity": 1,
          "unit": "tsp"
        },
        {
          "name": "cayenne pepper",
          "quantity": 0.5,
          "unit": "tsp"
        },
        {
          "name": "cider vinegar",
          "quantity": 15,
          "unit": "ml"
        },
        {
          "name": "mayonnaise",
          "quantity": 50,
          "unit": "ml"
        },
        {
          "name": "ciabatta roll",
          "quantity": 2,
          "unit": null
        },
        {
          "name": "red chilli relish",
          "quantity": 25,
          "unit": "g"
        }
      ]
    },
    {
      "name": "\"Meat-Free\" Chicken Teriyaki Tray Bake",
      "serves": "2",
      "prepTime": "10",
      "cookTime": "35",
      "ingredients": [
        {
          "name": "red onion",
          "quantity": 1,
          "unit": null
        },
        {
          "name": "sweet potato",
          "quantity": 1,
          "unit": null
        },
        {
          "name": "soy sauce",
          "quantity": 15,
          "unit": "ml"
        },
        {
          "name": "cornflour",
          "quantity": 1,
          "unit": "tbsp"
        },
        {
          "name": "white rice",
          "quantity": 100,
          "unit": "g"
        },
        {
          "name": "green beans",
          "quantity": 80,
          "unit": "g"
        },
        {
          "name": "agave nectar",
          "quantity": 25,
          "unit": "g"
        },
        {
          "name": "sesame seeds",
          "quantity": 5,
          "unit": "g"
        },
        {
          "name": "chicken breast",
          "quantity": 2,
          "unit": null
        }
      ]
    },
    {
      "name": "Pepperoni Pasta Bake and Garlic Bread",
      "serves": "2",
      "prepTime": "15",
      "cookTime": "20",
      "ingredients": [
        {
          "name": "pepperoni pasta sauce",
          "quantity": 1,
          "unit": "jar"
        },
        {
          "name": "pepperoni",
          "quantity": 30,
          "unit": "g"
        },
        {
          "name": "wholewheat fusili pasta",
          "quantity": 250,
          "unit": "g"
        },
        {
          "name": "brown onion",
          "quantity": 1,
          "unit": null
        },
        {
          "name": "barbecue sauce",
          "quantity": 1,
          "unit": "tbsp"
        },
        {
          "name": "garlic and herb seasoning",
          "quantity": 0.5,
          "unit": "tsp"
        },
        {
          "name": "garlic flatbread",
          "quantity": 0.5,
          "unit": null
        }
      ]
    },
    {
      "name": "Lemon & Sage Butter Chicken with Greens",
      "serves": "2",
      "prepTime": "10",
      "cookTime": "20",
      "ingredients": [
        {
          "name": "lemon",
          "quantity": 1,
          "unit": null
        },
        {
          "name": "fresh sage",
          "quantity": 5,
          "unit": "g"
        },
        {
          "name": "chicken breast",
          "quantity": 2,
          "unit": null
        },
        {
          "name": "chicken stock cube",
          "quantity": 0.5,
          "unit": null
        },
        {
          "name": "garlic clove",
          "quantity": 1,
          "unit": null
        },
        {
          "name": "peas",
          "quantity": 160,
          "unit": "g"
        },
        {
          "name": "green beans",
          "quantity": 160,
          "unit": "g"
        },
        {
          "name": "brown rice",
          "quantity": 130,
          "unit": "g"
        }
      ]
    },
    {
      "name": "Chicken Satay with Pickled Chilli Cucumber",
      "serves": "2",
      "prepTime": "10",
      "cookTime": "10",
      "ingredients": [
        {
          "name": "cucumber",
          "quantity": 0.5,
          "unit": null
        },
        {
          "name": "soy sauce",
          "quantity": 15,
          "unit": "ml"
        },
        {
          "name": "peanut butter",
          "quantity": 1,
          "unit": "tbsp"
        },
        {
          "name": "solid creamed coconut",
          "quantity": 25,
          "unit": "g"
        },
        {
          "name": "red chilli relish",
          "quantity": 25,
          "unit": "g"
        },
        {
          "name": "chicken breast",
          "quantity": 2,
          "unit": null
        },
        {
          "name": "cider vinegar",
          "quantity": 15,
          "unit": "ml"
        },
        {
          "name": "brown rice",
          "quantity": 160,
          "unit": "g"
        },
        {
          "name": "dried chilli flakes",
          "quantity": 0.5,
          "unit": "tsp"
        }
      ]
    },
    {
      "name": "Chicken Bunny Chow with Carrot Sambal",
      "serves": "2",
      "prepTime": "15",
      "cookTime": "20",
      "ingredients": [
        {
          "name": "red onion",
          "quantity": 1,
          "unit": null
        },
        {
          "name": "tomato",
          "quantity": 1,
          "unit": null
        },
        {
          "name": "garlic clove",
          "quantity": 2,
          "unit": null
        },
        {
          "name": "fresh coriander",
          "quantity": 5,
          "unit": "g"
        },
        {
          "name": "baby leaf salad",
          "quantity": 50,
          "unit": "g"
        },
        {
          "name": "garam masala",
          "quantity": 1,
          "unit": "tbsp"
        },
        {
          "name": "carrot",
          "quantity": 1,
          "unit": null
        },
        {
          "name": "tomato paste",
          "quantity": 1,
          "unit": "tbsp"
        },
        {
          "name": "potato",
          "quantity": 2,
          "unit": null
        },
        {
          "name": "fresh ginger",
          "quantity": 15,
          "unit": "g"
        },
        {
          "name": "ciabatta roll",
          "quantity": 2,
          "unit": null
        },
        {
          "name": "chicken breast",
          "quantity": 2,
          "unit": null
        },
        {
          "name": "chicken stock cube",
          "quantity": 1,
          "unit": null
        }
      ]
    },
    {
      "name": "Coronation Chicken Curry with Nigella Rice",
      "serves": "2",
      "prepTime": "10",
      "cookTime": "20",
      "ingredients": [
        {
          "name": "brown onion",
          "quantity": 1,
          "unit": null
        },
        {
          "name": "sultanas",
          "quantity": 30,
          "unit": "g"
        },
        {
          "name": "garlic clove",
          "quantity": 2,
          "unit": null
        },
        {
          "name": "fresh coriander",
          "quantity": 10,
          "unit": "g"
        },
        {
          "name": "nigella seeds",
          "quantity": 1,
          "unit": "tsp"
        },
        {
          "name": "mango chutney",
          "quantity": 20,
          "unit": "g"
        },
        {
          "name": "ground turmeric",
          "quantity": 1,
          "unit": "tsp"
        },
        {
          "name": "curry powder",
          "quantity": 1,
          "unit": "tbsp"
        },
        {
          "name": "natural yoghurt",
          "quantity": 80,
          "unit": "g"
        },
        {
          "name": "white rice",
          "quantity": 130,
          "unit": "g"
        },
        {
          "name": "chicken breast",
          "quantity": 2,
          "unit": null
        },
        {
          "name": "green beans",
          "quantity": 160,
          "unit": "g"
        },
        {
          "name": "chicken stock cube",
          "quantity": 1,
          "unit": null
        }
      ]
    },
    {
      "name": "Oven-baked Korean-style Pork Rice Bowl",
      "serves": "2",
      "prepTime": "10",
      "cookTime": "20",
      "ingredients": [
        {
          "name": "red pepper",
          "quantity": 1,
          "unit": null
        },
        {
          "name": "garlic clove",
          "quantity": 2,
          "unit": null
        },
        {
          "name": "soy sauce",
          "quantity": 8,
          "unit": "ml"
        },
        {
          "name": "cucumber",
          "quantity": 0.5,
          "unit": null
        },
        {
          "name": "pork mince",
          "quantity": 250,
          "unit": "g"
        },
        {
          "name": "mirin",
          "quantity": 15,
          "unit": "ml"
        },
        {
          "name": "cider vinegar",
          "quantity": 15,
          "unit": "ml"
        },
        {
          "name": "black sesame seeds",
          "quantity": 5,
          "unit": "g"
        },
        {
          "name": "white rice",
          "quantity": 160,
          "unit": "g"
        },
        {
          "name": "chicken stock cube",
          "quantity": 0.5,
          "unit": null
        },
        {
          "name": "gochujang paste",
          "quantity": 30,
          "unit": "g"
        },
        {
          "name": "mayonnaise",
          "quantity": 30,
          "unit": "ml"
        }
      ]
    },
    {
      "name": "Slow Cooker Beef Goulash with Mash",
      "serves": "2",
      "prepTime": "10",
      "cookTime": "240",
      "ingredients": [
        {
          "name": "brown onion",
          "quantity": 1,
          "unit": null
        },
        {
          "name": "red pepper",
          "quantity": 1,
          "unit": null
        },
        {
          "name": "cornflour",
          "quantity": 1,
          "unit": "tbsp"
        },
        {
          "name": "smoked paprika",
          "quantity": 2,
          "unit": "tsp"
        },
        {
          "name": "carrot",
          "quantity": 1,
          "unit": null
        },
        {
          "name": "tomato paste",
          "quantity": 1,
          "unit": "tbsp"
        },
        {
          "name": "potato",
          "quantity": 3,
          "unit": null
        },
        {
          "name": "worcestershire sauce",
          "quantity": 15,
          "unit": "ml"
        },
        {
          "name": "beef stock cube",
          "quantity": 1,
          "unit": null
        },
        {
          "name": "diced beef",
          "quantity": 200,
          "unit": "g"
        }
      ]
    },
    {
      "name": "Stuffing Crusted Chicken with Buttery Veg and Onion Gravy",
      "serves": "2",
      "prepTime": "10",
      "cookTime": "40",
      "ingredients": [
        {
          "name": "leek",
          "quantity": 1,
          "unit": null
        },
        {
          "name": "cheddar cheese",
          "quantity": 20,
          "unit": "g"
        },
        {
          "name": "carrot",
          "quantity": 2,
          "unit": null
        },
        {
          "name": "marmite",
          "quantity": 1,
          "unit": "tsp"
        },
        {
          "name": "potato",
          "quantity": 3,
          "unit": null
        },
        {
          "name": "chicken breast",
          "quantity": 2,
          "unit": null
        },
        {
          "name": "panko breadcrumbs",
          "quantity": 60,
          "unit": "g"
        },
        {
          "name": "chicken stock cube",
          "quantity": 0.5,
          "unit": null
        },
        {
          "name": "onion marmalade",
          "quantity": 20,
          "unit": "g"
        },
        {
          "name": "dried sage",
          "quantity": 1,
          "unit": "tsp"
        }
      ]
    },
    {
      "name": "Curried Chicken with Herby Grains",
      "serves": "2",
      "prepTime": "10",
      "cookTime": "20",
      "ingredients": [
        {
          "name": "shallot",
          "quantity": 2,
          "unit": null
        },
        {
          "name": "sultanas",
          "quantity": 30,
          "unit": "g"
        },
        {
          "name": "red chilli",
          "quantity": 1,
          "unit": null
        },
        {
          "name": "cashew nuts",
          "quantity": 25,
          "unit": "g"
        },
        {
          "name": "curry powder",
          "quantity": 1,
          "unit": "tbsp"
        },
        {
          "name": "fresh coriander",
          "quantity": 5,
          "unit": "g"
        },
        {
          "name": "fresh mint",
          "quantity": 5,
          "unit": "g"
        },
        {
          "name": "spinach",
          "quantity": 80,
          "unit": "g"
        },
        {
          "name": "cider vinegar",
          "quantity": 15,
          "unit": "ml"
        },
        {
          "name": "ground turmeric",
          "quantity": 0.5,
          "unit": "tsp"
        },
        {
          "name": "canned green lentils",
          "quantity": 185,
          "unit": "g"
        },
        {
          "name": "natural yoghurt",
          "quantity": 80,
          "unit": "g"
        },
        {
          "name": "brown rice",
          "quantity": 100,
          "unit": "g"
        },
        {
          "name": "chicken breast",
          "quantity": 2,
          "unit": null
        }
      ]
    },
    {
      "name": "Herby Roast Chicken Tray Bake",
      "serves": "2",
      "prepTime": "10",
      "cookTime": "45",
      "ingredients": [
        {
          "name": "red onion",
          "quantity": 1,
          "unit": null
        },
        {
          "name": "garlic clove",
          "quantity": 2,
          "unit": null
        },
        {
          "name": "green beans",
          "quantity": 80,
          "unit": "g"
        },
        {
          "name": "fresh rosemary",
          "quantity": 5,
          "unit": "g"
        },
        {
          "name": "fresh thyme",
          "quantity": 5,
          "unit": "g"
        },
        {
          "name": "carrot",
          "quantity": 2,
          "unit": null
        },
        {
          "name": "cornflour",
          "quantity": 1,
          "unit": "tbsp"
        },
        {
          "name": "potato",
          "quantity": 3,
          "unit": null
        },
        {
          "name": "chicken stock cube",
          "quantity": 1,
          "unit": null
        },
        {
          "name": "onion marmalade",
          "quantity": 40,
          "unit": "g"
        },
        {
          "name": "parsnip",
          "quantity": 1,
          "unit": null
        },
        {
          "name": "chicken breast",
          "quantity": 1,
          "unit": null
        },
        {
          "name": "chicken thigh",
          "quantity": 2,
          "unit": null
        }
      ]
    },
    {
      "name": "Brazilian-style Sweet Potato & Black Bean Veggie Stew",
      "serves": "2",
      "prepTime": "10",
      "cookTime": "15",
      "ingredients": [
        {
          "name": "orange",
          "quantity": 1,
          "unit": null
        },
        {
          "name": "red onion",
          "quantity": 1,
          "unit": null
        },
        {
          "name": "red chilli",
          "quantity": 1,
          "unit": null
        },
        {
          "name": "red pepper",
          "quantity": 1,
          "unit": null
        },
        {
          "name": "tomato",
          "quantity": 1,
          "unit": null
        },
        {
          "name": "fresh coriander",
          "quantity": 10,
          "unit": "g"
        },
        {
          "name": "smoked paprika",
          "quantity": 2,
          "unit": "tsp"
        },
        {
          "name": "ground cumin",
          "quantity": 2,
          "unit": "tsp"
        },
        {
          "name": "tomato frito",
          "quantity": 200,
          "unit": "g"
        },
        {
          "name": "sweet potato",
          "quantity": 1,
          "unit": null
        },
        {
          "name": "natural yoghurt",
          "quantity": 80,
          "unit": "g"
        },
        {
          "name": "vegetable stock cube",
          "quantity": 1,
          "unit": null
        },
        {
          "name": "brown rice",
          "quantity": 130,
          "unit": "g"
        },
        {
          "name": "black beans",
          "quantity": 390,
          "unit": "g"
        }
      ]
    },
    {
      "name": "Caldeirada-style Haddock Stew with Peri-peri Garlic Bread",
      "serves": "2",
      "prepTime": "10",
      "cookTime": "30",
      "ingredients": [
        {
          "name": "lemon",
          "quantity": 1,
          "unit": null
        },
        {
          "name": "shallot",
          "quantity": 1,
          "unit": null
        },
        {
          "name": "garlic clove",
          "quantity": 2,
          "unit": null
        },
        {
          "name": "cherry tomatoes",
          "quantity": 125,
          "unit": "g"
        },
        {
          "name": "smoked paprika",
          "quantity": 1,
          "unit": "tsp"
        },
        {
          "name": "haddock",
          "quantity": 200,
          "unit": "g"
        },
        {
          "name": "carrot",
          "quantity": 1,
          "unit": null
        },
        {
          "name": "tomato paste",
          "quantity": 1,
          "unit": "tbsp"
        },
        {
          "name": "potato",
          "quantity": 2,
          "unit": null
        },
        {
          "name": "dried chilli flakes",
          "quantity": 0.5,
          "unit": "tsp"
        },
        {
          "name": "vegetable stock cube",
          "quantity": 0.5,
          "unit": null
        },
        {
          "name": "white bread slice",
          "quantity": 2,
          "unit": null
        },
        {
          "name": "fresh parsley",
          "quantity": 5,
          "unit": "g"
        },
        {
          "name": "fresh chives",
          "quantity": 5,
          "unit": "g"
        }
      ]
    },
    {
      "name": "Brazilian-style Shredded Chicken Rice",
      "serves": "2",
      "prepTime": "10",
      "cookTime": "45",
      "ingredients": [
        {
          "name": "brown onion",
          "quantity": 1,
          "unit": null
        },
        {
          "name": "garlic clove",
          "quantity": 2,
          "unit": null
        },
        {
          "name": "soy sauce",
          "quantity": 8,
          "unit": "ml"
        },
        {
          "name": "cherry tomatoes",
          "quantity": 125,
          "unit": "g"
        },
        {
          "name": "smoked paprika",
          "quantity": 2,
          "unit": "tsp"
        },
        {
          "name": "cayenne pepper",
          "quantity": 0.5,
          "unit": "tsp"
        },
        {
          "name": "ground coriander",
          "quantity": 2,
          "unit": "tsp"
        },
        {
          "name": "spinach",
          "quantity": 80,
          "unit": "g"
        },
        {
          "name": "crispy onions",
          "quantity": 15,
          "unit": "g"
        },
        {
          "name": "arborio rice",
          "quantity": 160,
          "unit": "g"
        },
        {
          "name": "chicken breast",
          "quantity": 2,
          "unit": null
        },
        {
          "name": "dried oregano",
          "quantity": 1,
          "unit": "tsp"
        },
        {
          "name": "beef stock cube",
          "quantity": 1,
          "unit": null
        }
      ]
    },
    {
      "name": "Nasi Goreng with Cucumber & Sriracha",
      "serves": "2",
      "prepTime": "10",
      "cookTime": "10",
      "ingredients": [
        {
          "name": "lime",
          "quantity": 1,
          "unit": null
        },
        {
          "name": "egg",
          "quantity": 2,
          "unit": null
        },
        {
          "name": "soy sauce",
          "quantity": 8,
          "unit": "ml"
        },
        {
          "name": "spring onion",
          "quantity": 2,
          "unit": null
        },
        {
          "name": "cucumber",
          "quantity": 0.5,
          "unit": null
        },
        {
          "name": "peanuts",
          "quantity": 25,
          "unit": "g"
        },
        {
          "name": "kale",
          "quantity": 80,
          "unit": "g"
        },
        {
          "name": "carrot",
          "quantity": 1,
          "unit": null
        },
        {
          "name": "sriracha",
          "quantity": 16,
          "unit": "ml"
        },
        {
          "name": "white rice",
          "quantity": 160,
          "unit": "g"
        },
        {
          "name": "dried chilli flakes",
          "quantity": 1,
          "unit": "tsp"
        },
        {
          "name": "sesame oil",
          "quantity": 20,
          "unit": "ml"
        },
        {
          "name": "garlic clove",
          "quantity": 2,
          "unit": null
        }
      ]
    },
    {
      "name": "Mild Chicken Curry",
      "serves": "2",
      "prepTime": "10",
      "cookTime": "25",
      "ingredients": [
        {
          "name": "brown onion",
          "quantity": 1,
          "unit": null
        },
        {
          "name": "sultanas",
          "quantity": 30,
          "unit": "g"
        },
        {
          "name": "tomato",
          "quantity": 2,
          "unit": null
        },
        {
          "name": "garlic clove",
          "quantity": 2,
          "unit": null
        },
        {
          "name": "clotted cream",
          "quantity": 80,
          "unit": "g"
        },
        {
          "name": "ground turmeric",
          "quantity": 1,
          "unit": "tsp"
        },
        {
          "name": "garam masala",
          "quantity": 1,
          "unit": "tbsp"
        },
        {
          "name": "tomato paste",
          "quantity": 1,
          "unit": "tbsp"
        },
        {
          "name": "white rice",
          "quantity": 130,
          "unit": "g"
        },
        {
          "name": "chicken breast",
          "quantity": 2,
          "unit": null
        },
        {
          "name": "fresh ginger",
          "quantity": 15,
          "unit": "g"
        },
        {
          "name": "vegetable stock cube",
          "quantity": 1,
          "unit": null
        }
      ]
    },
    {
      "name": "Smoky Chutney Chicken & Rice Traybake",
      "serves": "2",
      "prepTime": "10",
      "cookTime": "35",
      "ingredients": [
        {
          "name": "brown onion",
          "quantity": 1,
          "unit": null
        },
        {
          "name": "gem lettuce",
          "quantity": 1,
          "unit": null
        },
        {
          "name": "fresh parsley",
          "quantity": 10,
          "unit": "g"
        },
        {
          "name": "mango chutney",
          "quantity": 20,
          "unit": "g"
        },
        {
          "name": "carrot",
          "quantity": 2,
          "unit": null
        },
        {
          "name": "mayonnaise",
          "quantity": 30,
          "unit": "ml"
        },
        {
          "name": "chicken breast",
          "quantity": 2,
          "unit": null
        },
        {
          "name": "dried oregano",
          "quantity": 1,
          "unit": "tsp"
        },
        {
          "name": "worcestershire sauce",
          "quantity": 15,
          "unit": "ml"
        },
        {
          "name": "smoked paprika",
          "quantity": 1,
          "unit": "tsp"
        },
        {
          "name": "chicken stock cube",
          "quantity": 1,
          "unit": null
        },
        {
          "name": "white rice",
          "quantity": 130,
          "unit": "g"
        }
      ]
    },
    {
      "name": "Slow Cooker Chorizo Cassoulet with Green Beans",
      "serves": "2",
      "prepTime": "10",
      "cookTime": "240",
      "ingredients": [
        {
          "name": "brown onion",
          "quantity": 1,
          "unit": null
        },
        {
          "name": "garlic clove",
          "quantity": 2,
          "unit": null
        },
        {
          "name": "cherry tomatoes",
          "quantity": 125,
          "unit": "g"
        },
        {
          "name": "smoked paprika",
          "quantity": 2,
          "unit": "tsp"
        },
        {
          "name": "dried bay leaves",
          "quantity": 2,
          "unit": null
        },
        {
          "name": "carrot",
          "quantity": 1,
          "unit": null
        },
        {
          "name": "red wine vinegar",
          "quantity": 15,
          "unit": "ml"
        },
        {
          "name": "tomato paste",
          "quantity": 1,
          "unit": "tbsp"
        },
        {
          "name": "potato",
          "quantity": 1,
          "unit": null
        },
        {
          "name": "cannellini beans",
          "quantity": 390,
          "unit": "g"
        },
        {
          "name": "green beans",
          "quantity": 160,
          "unit": "g"
        },
        {
          "name": "chorizo",
          "quantity": 100,
          "unit": "g"
        },
        {
          "name": "chicken stock cube",
          "quantity": 0.5,
          "unit": null
        },
        {
          "name": "ciabatta roll",
          "quantity": 2,
          "unit": null
        }
      ]
    },
    {
      "name": "Smoky Chicken Goulash with Rice",
      "serves": "2",
      "prepTime": "10",
      "cookTime": "30",
      "ingredients": [
        {
          "name": "brown onion",
          "quantity": 1,
          "unit": null
        },
        {
          "name": "sweet pointed red pepper",
          "quantity": 1,
          "unit": null
        },
        {
          "name": "fresh parsley",
          "quantity": 5,
          "unit": "g"
        },
        {
          "name": "chestnut mushrooms",
          "quantity": 160,
          "unit": "g"
        },
        {
          "name": "tomato paste",
          "quantity": 1,
          "unit": "tbsp"
        },
        {
          "name": "chicken breast",
          "quantity": 2,
          "unit": null
        },
        {
          "name": "smoked paprika",
          "quantity": 1,
          "unit": "tsp"
        },
        {
          "name": "chicken stock cube",
          "quantity": 1,
          "unit": null
        },
        {
          "name": "white rice",
          "quantity": 100,
          "unit": "g"
        },
        {
          "name": "ground paprika",
          "quantity": 2,
          "unit": "tsp"
        }
      ]
    },
    {
      "name": "Pork & Leek Sausage Roll Wreath with Apple Chutney",
      "serves": "2",
      "prepTime": "10",
      "cookTime": "50",
      "ingredients": [
        {
          "name": "apple",
          "quantity": 1,
          "unit": null
        },
        {
          "name": "red onion",
          "quantity": 1,
          "unit": null
        },
        {
          "name": "leek",
          "quantity": 1,
          "unit": null
        },
        {
          "name": "dried sage",
          "quantity": 1,
          "unit": "tsp"
        },
        {
          "name": "pork sausage meat",
          "quantity": 250,
          "unit": "g"
        },
        {
          "name": "red wine vinegar",
          "quantity": 30,
          "unit": "ml"
        },
        {
          "name": "baby leaf salad",
          "quantity": 20,
          "unit": "g"
        },
        {
          "name": "cranberry sauce",
          "quantity": 40,
          "unit": "g"
        },
        {
          "name": "chicken stock cube",
          "quantity": 1,
          "unit": null
        },
        {
          "name": "puff pastry",
          "quantity": 160,
          "unit": "g"
        },
        {
          "name": "oven chips",
          "quantity": 2,
          "unit": "portions"
        }
      ]
    },
    {
      "name": "Mild Peanut & Pepper Chicken Curry",
      "serves": "2",
      "prepTime": "10",
      "cookTime": "35",
      "ingredients": [
        {
          "name": "brown onion",
          "quantity": 1,
          "unit": null
        },
        {
          "name": "green pepper",
          "quantity": 1,
          "unit": null
        },
        {
          "name": "red pepper",
          "quantity": 1,
          "unit": null
        },
        {
          "name": "lime",
          "quantity": 1,
          "unit": null
        },
        {
          "name": "garlic clove",
          "quantity": 2,
          "unit": null
        },
        {
          "name": "peanuts",
          "quantity": 25,
          "unit": "g"
        },
        {
          "name": "ground turmeric",
          "quantity": 1,
          "unit": "tsp"
        },
        {
          "name": "curry powder",
          "quantity": 1,
          "unit": "tbsp"
        },
        {
          "name": "peanut butter",
          "quantity": 1,
          "unit": "tbsp"
        },
        {
          "name": "white rice",
          "quantity": 130,
          "unit": "g"
        },
        {
          "name": "chicken breast",
          "quantity": 2,
          "unit": null
        },
        {
          "name": "chicken stock cube",
          "quantity": 1,
          "unit": null
        },
        {
          "name": "ground paprika",
          "quantity": 1,
          "unit": "tsp"
        }
      ]
    },
    {
      "name": "The \"Henderson's Relish\" Beef Burger",
      "serves": "2",
      "prepTime": "10",
      "cookTime": "30",
      "ingredients": [
        {
          "name": "brown onion",
          "quantity": 2,
          "unit": null
        },
        {
          "name": "gem lettuce",
          "quantity": 1,
          "unit": null
        },
        {
          "name": "cheddar cheese",
          "quantity": 40,
          "unit": "g"
        },
        {
          "name": "beef mince (20% fat)",
          "quantity": 250,
          "unit": "g"
        },
        {
          "name": "mayonnaise",
          "quantity": 50,
          "unit": "ml"
        },
        {
          "name": "worcestershire sauce",
          "quantity": 30,
          "unit": "ml"
        },
        {
          "name": "brioche burger bun",
          "quantity": 2,
          "unit": null
        },
        {
          "name": "tomato ketchup",
          "quantity": 30,
          "unit": "ml"
        },
        {
          "name": "oven chips",
          "quantity": 2,
          "unit": "portions"
        }
      ]
    },
    {
      "name": "Baked Ratatouille & Chicken Tortiglioni",
      "serves": "2",
      "prepTime": "10",
      "cookTime": "35",
      "ingredients": [
        {
          "name": "red onion",
          "quantity": 1,
          "unit": null
        },
        {
          "name": "green pepper",
          "quantity": 1,
          "unit": null
        },
        {
          "name": "garlic clove",
          "quantity": 2,
          "unit": null
        },
        {
          "name": "courgette",
          "quantity": 1,
          "unit": null
        },
        {
          "name": "fresh basil",
          "quantity": 5,
          "unit": "g"
        },
        {
          "name": "dried basil",
          "quantity": 1,
          "unit": "tsp"
        },
        {
          "name": "tortiglioni",
          "quantity": 200,
          "unit": "g"
        },
        {
          "name": "finely chopped tomatoes",
          "quantity": 210,
          "unit": "g"
        },
        {
          "name": "chicken breast",
          "quantity": 2,
          "unit": null
        },
        {
          "name": "dried chilli flakes",
          "quantity": 0.5,
          "unit": "tsp"
        },
        {
          "name": "worcestershire sauce",
          "quantity": 15,
          "unit": "ml"
        },
        {
          "name": "vegetable stock cube",
          "quantity": 1,
          "unit": null
        }
      ]
    },
    {
      "name": "Chicken Fajitas",
      "serves": "2",
      "prepTime": "10",
      "cookTime": "20",
      "ingredients": [
        {
          "name": "brown onion",
          "quantity": 1,
          "unit": null
        },
        {
          "name": "green pepper",
          "quantity": 1,
          "unit": null
        },
        {
          "name": "red pepper",
          "quantity": 1,
          "unit": null
        },
        {
          "name": "baby corn",
          "quantity": 100,
          "unit": "g"
        },
        {
          "name": "tortilla wrap",
          "quantity": 3,
          "unit": null
        },
        {
          "name": "tomato salsa",
          "quantity": 50,
          "unit": "g"
        },
        {
          "name": "sour cream and chive dip",
          "quantity": 50,
          "unit": "g"
        },
        {
          "name": "white rice",
          "quantity": 90,
          "unit": "g"
        },
        {
          "name": "chicken breast",
          "quantity": 2,
          "unit": null
        },
        {
          "name": "canned refried beans",
          "quantity": 0.5,
          "unit": null
        },
        {
          "name": "fajita seasoning sachet",
          "quantity": 1,
          "unit": null
        },
        {
          "name": "vegetable stock cube",
          "quantity": 1,
          "unit": null
        }
      ]
    }
  ]
}